Peter Ong,2025-04-22T23:06:23.293746400,application created id 10
Peter Ong,2025-04-22T23:08:33.756624400,application created id 10
S2839405K,2025-04-22T23:28:35.353353,password changed
ARobert Tan,2025-04-22T23:49:36.794089900,application created id 0
Susan Heng,2025-04-22T23:51:50.665045200,project Sunflower Heights name set to new name
Wendy Ng,2025-04-22T23:52:25.198694500,application created id 1
Robert Tan,2025-04-22T23:54:36.554589900,application booked 0
Wendy Ng,2025-04-23T23:15:27.706857900,application created id 1
Wendy Ng,2025-04-23T23:15:32.349994300,application created id 2
Wendy Ng,2025-04-23T23:17:28.014080100,application created id 1
Wendy Ng,2025-04-23T23:30:35.713404800,application created id 1
Wendy Ng,2025-04-23T23:31:39.385738,application created id 2
Wendy Ng,2025-04-23T23:34:39.019032700,application created id 1
Wendy Ng,2025-04-23T23:35:35.742962800,application created id 2
Wendy Ng,2025-04-23T23:36:01.001640100,application created id 2
Wendy Ng,2025-04-23T23:38:14.227711700,application created id 2
